threshold,sensitivity,specificity,fpr,projeto
Inf,0,1,0,Diabetes
0.9921954171304718,0.01851851851851851,1,0,Diabetes
0.9627996403432214,0.03703703703703703,1,0,Diabetes
0.9276813100256526,0.03703703703703703,0.99,0.01,Diabetes
0.9204408314318148,0.05555555555555555,0.99,0.01,Diabetes
0.9110047528742672,0.07407407407407407,0.99,0.01,Diabetes
0.9096256629900196,0.0925925925925926,0.99,0.01,Diabetes
0.8879341950811375,0.1111111111111111,0.99,0.01,Diabetes
0.8799549105740612,0.12962962962962962,0.99,0.01,Diabetes
0.8796101006210565,0.14814814814814814,0.99,0.01,Diabetes
0.8773223038760172,0.16666666666666666,0.99,0.01,Diabetes
0.8615941516131363,0.18518518518518515,0.99,0.01,Diabetes
0.8507177028415406,0.2037037037037037,0.99,0.01,Diabetes
0.8391695703348656,0.2222222222222222,0.99,0.01,Diabetes
0.8210919954107538,0.24074074074074073,0.99,0.01,Diabetes
0.8127612009504307,0.25925925925925924,0.99,0.01,Diabetes
0.8119695470369027,0.25925925925925924,0.98,0.02000000000000001,Diabetes
0.7994983405633431,0.25925925925925924,0.97,0.03000000000000002,Diabetes
0.7975102093401644,0.2777777777777778,0.97,0.03000000000000002,Diabetes
0.7780366018754432,0.2962962962962963,0.97,0.03000000000000002,Diabetes
0.7614731641907372,0.3148148148148148,0.97,0.03000000000000002,Diabetes
0.7570741736576884,0.3333333333333333,0.97,0.03000000000000002,Diabetes
0.754477029760603,0.35185185185185186,0.97,0.03000000000000002,Diabetes
0.730536648985931,0.3703703703703703,0.97,0.03000000000000002,Diabetes
0.7164764303926385,0.3888888888888889,0.97,0.03000000000000002,Diabetes
0.6643089838392364,0.4074074074074074,0.97,0.03000000000000002,Diabetes
0.6637487774002707,0.42592592592592593,0.97,0.03000000000000002,Diabetes
0.6555187998405196,0.4444444444444444,0.97,0.03000000000000002,Diabetes
0.6438031891681651,0.4444444444444444,0.96,0.04000000000000003,Diabetes
0.621483428155216,0.46296296296296297,0.96,0.04000000000000003,Diabetes
0.6154627723571006,0.48148148148148145,0.96,0.04000000000000003,Diabetes
0.6138502499497968,0.5,0.96,0.04000000000000003,Diabetes
0.5984277952476538,0.5185185185185185,0.96,0.04000000000000003,Diabetes
0.5974665443070775,0.5370370370370371,0.96,0.04000000000000003,Diabetes
0.553688603008008,0.5555555555555556,0.96,0.04000000000000003,Diabetes
0.5530734472285943,0.5555555555555556,0.95,0.05000000000000004,Diabetes
0.5525711327886155,0.5740740740740741,0.95,0.05000000000000004,Diabetes
0.543449430381149,0.5925925925925926,0.95,0.05000000000000004,Diabetes
0.54149190911085,0.5925925925925926,0.94,0.06000000000000005,Diabetes
0.5339059089936494,0.6111111111111112,0.94,0.06000000000000005,Diabetes
0.525405176208915,0.6296296296296297,0.94,0.06000000000000005,Diabetes
0.5189333918638005,0.6481481481481481,0.94,0.06000000000000005,Diabetes
0.4987162779380042,0.6666666666666666,0.94,0.06000000000000005,Diabetes
0.48498264736001295,0.6851851851851852,0.94,0.06000000000000005,Diabetes
0.478852691412576,0.7037037037037037,0.94,0.06000000000000005,Diabetes
0.47214549290459223,0.7037037037037037,0.93,0.06999999999999995,Diabetes
0.4671222225865747,0.7222222222222222,0.93,0.06999999999999995,Diabetes
0.4541682652444697,0.7222222222222222,0.92,0.07999999999999996,Diabetes
0.4451404389145565,0.7222222222222222,0.91,0.08999999999999997,Diabetes
0.4402003347009688,0.7407407407407407,0.91,0.08999999999999997,Diabetes
0.4339778078999275,0.7407407407407407,0.9,0.09999999999999998,Diabetes
0.4326727326277654,0.7407407407407407,0.89,0.11,Diabetes
0.42970913835333285,0.7407407407407407,0.88,0.12,Diabetes
0.4089629956068072,0.7407407407407407,0.87,0.13,Diabetes
0.4069942225633814,0.7592592592592593,0.87,0.13,Diabetes
0.3957856128336883,0.7592592592592593,0.86,0.14,Diabetes
0.3933347765176374,0.7592592592592593,0.85,0.15000000000000002,Diabetes
0.3720324528967282,0.7777777777777778,0.85,0.15000000000000002,Diabetes
0.3709585709950236,0.7777777777777778,0.84,0.16000000000000003,Diabetes
0.36546963846699393,0.7777777777777778,0.83,0.17000000000000004,Diabetes
0.3638912334854024,0.7962962962962963,0.83,0.17000000000000004,Diabetes
0.3471945229625708,0.8148148148148148,0.83,0.17000000000000004,Diabetes
0.33682642136501806,0.8333333333333334,0.83,0.17000000000000004,Diabetes
0.33207710547890795,0.8518518518518519,0.83,0.17000000000000004,Diabetes
0.315686114429027,0.8703703703703703,0.83,0.17000000000000004,Diabetes
0.31076006169560244,0.8888888888888888,0.83,0.17000000000000004,Diabetes
0.304392830627407,0.8888888888888888,0.82,0.18000000000000005,Diabetes
0.2986018675625633,0.8888888888888888,0.81,0.18999999999999995,Diabetes
0.28296205739520497,0.8888888888888888,0.8,0.19999999999999996,Diabetes
0.2823097152289863,0.8888888888888888,0.79,0.20999999999999996,Diabetes
0.2797297170988959,0.8888888888888888,0.78,0.21999999999999997,Diabetes
0.2784226570368796,0.9074074074074074,0.78,0.21999999999999997,Diabetes
0.2685258645426917,0.9074074074074074,0.77,0.23,Diabetes
0.25895230099848543,0.9074074074074074,0.76,0.24,Diabetes
0.25651072281404264,0.9074074074074074,0.75,0.25,Diabetes
0.25410384459203905,0.9074074074074074,0.74,0.26,Diabetes
0.25258971250194934,0.925925925925926,0.74,0.26,Diabetes
0.2425284617572421,0.925925925925926,0.73,0.27,Diabetes
0.2396874299652808,0.925925925925926,0.72,0.28,Diabetes
0.2364332329899115,0.9444444444444444,0.72,0.28,Diabetes
0.23591123766183456,0.9629629629629628,0.72,0.28,Diabetes
0.2307983416479595,0.9629629629629628,0.71,0.29000000000000004,Diabetes
0.22746960719760384,0.9629629629629628,0.7,0.30000000000000004,Diabetes
0.21345423931656465,0.9629629629629628,0.69,0.31000000000000005,Diabetes
0.211231980791064,0.9814814814814816,0.69,0.31000000000000005,Diabetes
0.2045978111781817,0.9814814814814816,0.68,0.31999999999999995,Diabetes
0.20363523827740868,0.9814814814814816,0.67,0.32999999999999996,Diabetes
0.19273871551140556,0.9814814814814816,0.66,0.33999999999999997,Diabetes
0.1924967859822832,0.9814814814814816,0.65,0.35,Diabetes
0.1850976689403201,0.9814814814814816,0.64,0.36,Diabetes
0.1849380974516501,0.9814814814814816,0.63,0.37,Diabetes
0.18292528100730693,0.9814814814814816,0.62,0.38,Diabetes
0.1742143989132209,0.9814814814814816,0.61,0.39,Diabetes
0.17380388076098743,0.9814814814814816,0.6,0.4,Diabetes
0.16708055489232332,0.9814814814814816,0.59,0.41,Diabetes
0.16511202887279017,0.9814814814814816,0.58,0.42,Diabetes
0.161892199795258,0.9814814814814816,0.57,0.4300000000000001,Diabetes
0.15553234625078935,0.9814814814814816,0.56,0.43999999999999995,Diabetes
0.1553093404994425,0.9814814814814816,0.55,0.45,Diabetes
0.15081031153497174,0.9814814814814816,0.54,0.46,Diabetes
0.14469869215342757,0.9814814814814816,0.53,0.47,Diabetes
0.13872213348648255,0.9814814814814816,0.52,0.48,Diabetes
0.13825883580105916,0.9814814814814816,0.51,0.49,Diabetes
0.13378895857394646,0.9814814814814816,0.5,0.5,Diabetes
0.12447542019179086,0.9814814814814816,0.49,0.51,Diabetes
0.12162688962647848,0.9814814814814816,0.48,0.52,Diabetes
0.1176212317236769,0.9814814814814816,0.47,0.53,Diabetes
0.11675124585027612,0.9814814814814816,0.46,0.54,Diabetes
0.11673079456811732,0.9814814814814816,0.45,0.55,Diabetes
0.11670365192998076,0.9814814814814816,0.44,0.56,Diabetes
0.11233896772663896,0.9814814814814816,0.43,0.5700000000000001,Diabetes
0.1120650159371052,0.9814814814814816,0.42,0.5800000000000001,Diabetes
0.11138867203419754,0.9814814814814816,0.41,0.5900000000000001,Diabetes
0.11007203497234488,0.9814814814814816,0.4,0.6,Diabetes
0.10944992982974044,0.9814814814814816,0.39,0.61,Diabetes
0.10910977614633478,0.9814814814814816,0.38,0.62,Diabetes
0.10882870128806736,1,0.38,0.62,Diabetes
0.1077800749484156,1,0.37,0.63,Diabetes
0.10770804796579486,1,0.36,0.64,Diabetes
0.10679319159834266,1,0.35,0.65,Diabetes
0.10674912583896476,1,0.34,0.6599999999999999,Diabetes
0.10597467034742938,1,0.33,0.6699999999999999,Diabetes
0.1053526231911548,1,0.32,0.6799999999999999,Diabetes
0.10517914040841668,1,0.31,0.69,Diabetes
0.10391886614670226,1,0.3,0.7,Diabetes
0.1031107089109578,1,0.29,0.71,Diabetes
0.10191720765994368,1,0.28,0.72,Diabetes
0.09953139571569772,1,0.27,0.73,Diabetes
0.09544891049435927,1,0.26,0.74,Diabetes
0.09004861174763958,1,0.25,0.75,Diabetes
0.08761402791587834,1,0.24,0.76,Diabetes
0.08322618028338905,1,0.23,0.77,Diabetes
0.0812188082755758,1,0.22,0.78,Diabetes
0.08008677152734231,1,0.21,0.79,Diabetes
0.0771883405862722,1,0.2,0.8,Diabetes
0.07711512994987532,1,0.19,0.81,Diabetes
0.07698547295866981,1,0.18,0.8200000000000001,Diabetes
0.0756075688890982,1,0.17,0.83,Diabetes
0.07489626996016913,1,0.16,0.84,Diabetes
0.07334076398061777,1,0.15,0.85,Diabetes
0.07172157796012046,1,0.14,0.86,Diabetes
0.06195420606050963,1,0.13,0.87,Diabetes
0.05667660781616331,1,0.12,0.88,Diabetes
0.05661869951601399,1,0.11,0.89,Diabetes
0.05331760186946779,1,0.1,0.9,Diabetes
0.05077019355951066,1,0.09,0.91,Diabetes
0.04919389830136991,1,0.08,0.92,Diabetes
0.04652531996241781,1,0.07,0.93,Diabetes
0.04279019411068328,1,0.06,0.94,Diabetes
0.04248975515679098,1,0.05,0.95,Diabetes
0.03078081869614865,1,0.04,0.96,Diabetes
0.02167277719324503,1,0.03,0.97,Diabetes
0.02043232039238409,1,0.02,0.98,Diabetes
0.0202117709983552,1,0.01,0.99,Diabetes
0.01929702737077898,1,0,1,Diabetes
-Inf,1,0,1,Diabetes
Inf,0,1,0,Doença cardíaca
0.9976540197137004,0.0303030303030303,1,0,Doença cardíaca
0.9969237296702876,0.06060606060606061,1,0,Doença cardíaca
0.9899537772705362,0.09090909090909093,1,0,Doença cardíaca
0.9891341929751096,0.12121212121212122,1,0,Doença cardíaca
0.9784928289076454,0.15151515151515152,1,0,Doença cardíaca
0.9784078288804562,0.18181818181818185,1,0,Doença cardíaca
0.9754611954352312,0.21212121212121213,1,0,Doença cardíaca
0.9728196204652032,0.24242424242424243,1,0,Doença cardíaca
0.9679581020588576,0.2727272727272727,1,0,Doença cardíaca
0.9583029474874724,0.2727272727272727,0.9642857142857144,0.0357142857142857,Doença cardíaca
0.9407930280973272,0.30303030303030304,0.9642857142857144,0.0357142857142857,Doença cardíaca
0.911451550682342,0.3333333333333333,0.9642857142857144,0.0357142857142857,Doença cardíaca
0.8850970074251984,0.3636363636363637,0.9642857142857144,0.0357142857142857,Doença cardíaca
0.8613389358794074,0.3939393939393939,0.9642857142857144,0.0357142857142857,Doença cardíaca
0.8472005290790237,0.42424242424242425,0.9642857142857144,0.0357142857142857,Doença cardíaca
0.8469907953282942,0.4545454545454546,0.9642857142857144,0.0357142857142857,Doença cardíaca
0.8384426877117279,0.48484848484848486,0.9642857142857144,0.0357142857142857,Doença cardíaca
0.8252283613261385,0.5151515151515151,0.9642857142857144,0.0357142857142857,Doença cardíaca
0.8251954108668509,0.5454545454545454,0.9642857142857144,0.0357142857142857,Doença cardíaca
0.8245018318937927,0.5757575757575758,0.9642857142857144,0.0357142857142857,Doença cardíaca
0.8166310786649171,0.5757575757575758,0.9285714285714286,0.0714285714285714,Doença cardíaca
0.8041011557055927,0.6060606060606061,0.9285714285714286,0.0714285714285714,Doença cardíaca
0.7773544398971891,0.6060606060606061,0.8928571428571429,0.1071428571428571,Doença cardíaca
0.7740806171815249,0.6060606060606061,0.8571428571428571,0.1428571428571429,Doença cardíaca
0.739006061315626,0.6060606060606061,0.8214285714285714,0.1785714285714286,Doença cardíaca
0.733209568624582,0.6363636363636364,0.8214285714285714,0.1785714285714286,Doença cardíaca
0.7086117622530329,0.6363636363636364,0.7857142857142857,0.2142857142857143,Doença cardíaca
0.7073268347421001,0.6666666666666666,0.7857142857142857,0.2142857142857143,Doença cardíaca
0.6163186663759518,0.6666666666666666,0.75,0.25,Doença cardíaca
0.6017577594903116,0.696969696969697,0.75,0.25,Doença cardíaca
0.5715612758040945,0.7272727272727273,0.75,0.25,Doença cardíaca
0.5502722819021386,0.7575757575757576,0.75,0.25,Doença cardíaca
0.5448637865622205,0.7878787878787878,0.75,0.25,Doença cardíaca
0.5063356934376545,0.8181818181818182,0.75,0.25,Doença cardíaca
0.5040106892204996,0.8181818181818182,0.7142857142857143,0.2857142857142857,Doença cardíaca
0.5019067656114535,0.8484848484848485,0.7142857142857143,0.2857142857142857,Doença cardíaca
0.5002187559679754,0.8787878787878788,0.7142857142857143,0.2857142857142857,Doença cardíaca
0.4728343180227936,0.9090909090909092,0.7142857142857143,0.2857142857142857,Doença cardíaca
0.4541157325177028,0.9090909090909092,0.6785714285714286,0.3214285714285714,Doença cardíaca
0.3109885031377994,0.9090909090909092,0.6428571428571429,0.3571428571428571,Doença cardíaca
0.22691895496391043,0.9090909090909092,0.6071428571428571,0.3928571428571429,Doença cardíaca
0.08506961558719017,0.9090909090909092,0.5714285714285714,0.4285714285714286,Doença cardíaca
0.0819749483833793,0.9090909090909092,0.5357142857142857,0.4642857142857143,Doença cardíaca
0.08140219555655395,0.9393939393939394,0.5357142857142857,0.4642857142857143,Doença cardíaca
0.06769905768972505,0.9393939393939394,0.5,0.5,Doença cardíaca
0.06333376783736096,0.9696969696969696,0.5,0.5,Doença cardíaca
0.05817539915835155,0.9696969696969696,0.4642857142857143,0.5357142857142857,Doença cardíaca
0.05703038934423953,0.9696969696969696,0.42857142857142855,0.5714285714285714,Doença cardíaca
0.03433487849295245,0.9696969696969696,0.3928571428571429,0.6071428571428572,Doença cardíaca
0.02778304357523266,0.9696969696969696,0.35714285714285715,0.6428571428571428,Doença cardíaca
0.02475852950357076,1,0.35714285714285715,0.6428571428571428,Doença cardíaca
0.02222059124399383,1,0.32142857142857145,0.6785714285714286,Doença cardíaca
0.01950116294048115,1,0.2857142857142857,0.7142857142857143,Doença cardíaca
0.00707317926970093,1,0.25,0.75,Doença cardíaca
0.00690161047026186,1,0.21428571428571427,0.7857142857142857,Doença cardíaca
0.00597222284486635,1,0.17857142857142858,0.8214285714285714,Doença cardíaca
0.00526454022544099,1,0.14285714285714285,0.8571428571428572,Doença cardíaca
0.00458638824247812,1,0.10714285714285714,0.8928571428571429,Doença cardíaca
0.00392264733702588,1,0.07142857142857142,0.9285714285714286,Doença cardíaca
0.00275513272336155,1,0.03571428571428571,0.9642857142857144,Doença cardíaca
0.00242818409079328,1,0,1,Doença cardíaca
-Inf,1,0,1,Doença cardíaca
